idx,frame_ap70,mean_conf,sum_conf,n_pred,n_gt,reward_sum,reward_mean,reward_count,q_eff_mean,cost_norm_mean,quant_loss_mean,fec_gain_mean,cache_term_mean
0,0.5730769230769232,0.5737791785172054,8.032908499240875,14,20,0.13850753097216512,0.13850753097216512,1,0.7860187445412846,0.0,0.31999999999999995,0.0,0.0
1,0.65,0.5658627450466156,7.922078430652618,14,20,0.15217624487603434,0.15217624487603434,1,0.7860187445412846,0.0,0.31999999999999995,0.0,0.09170625233944944
2,0.7981221719457013,0.5242623104935601,11.009508520364761,21,20,0.13089791152816962,0.13089791152816962,1,0.7900496098979065,0.0,0.31999999999999995,0.0,0.0
3,0.9,0.5272863109906515,11.07301253080368,21,20,0.13320131294942442,0.13320131294942442,1,0.7336174949051989,0.0,0.31999999999999995,0.0,0.14207066938389393
4,0.9545454545454546,0.5365698486566544,11.267966821789742,21,22,0.10232310197007444,0.10232310197007444,1,0.7336174949051989,0.0,0.31999999999999995,0.0,0.0
5,0.9349999999999998,0.5205814327512469,10.932210087776184,21,20,0.13984597659576115,0.13984597659576115,1,0.7900496098979065,0.0,0.31999999999999995,0.0,0.1259702340612561
6,0.8738095238095239,0.5584520300229391,11.72749263048172,21,21,0.2059576733067337,0.2059576733067337,1,0.7336174949051989,0.0,0.12,0.0,0.0
7,0.8386363636363634,0.5120969295501709,10.241938591003418,20,22,0.24015859384131794,0.24015859384131794,1,0.7336174949051989,0.0,0.12,0.0,0.23086483774882763
8,0.6133278486219662,0.5454776374732747,9.27311983704567,17,22,0.1727789238861919,0.1727789238861919,1,0.7165313105737893,0.0,0.12,0.0,0.0
9,0.7272727272727273,0.49376191943883896,8.887714549899101,18,22,0.14590368032895604,0.14590368032895604,1,0.47768754038252625,0.0,0.12,0.0,0.5223124596174737
10,0.7679425837320574,0.4958065959968065,9.420325323939323,19,22,0.043368176384794774,0.043368176384794774,1,0.47768754038252625,0.0,0.12,0.0,0.0
11,0.6818181818181818,0.5160765225688616,9.28937740623951,18,22,0.1909973620999616,0.1909973620999616,1,0.7165313105737893,0.0,0.12,0.0,0.28346868942621073
12,0.6193181818181819,0.5268424832158618,9.483164697885513,18,22,-0.015431970180416796,-0.015431970180416796,1,0.35826565528689464,0.0,0.020000000000000018,0.0,0.0
13,0.7727272727272727,0.4884768169787195,8.792582705616951,18,22,0.03253582643972966,0.03253582643972966,1,0.35826565528689464,0.0,0.020000000000000018,0.0,0.3208671723565527
14,0.7877005347593583,0.46581548228859904,9.31630964577198,20,22,-0.04012119572242566,-0.04012119572242566,1,0.35826565528689464,0.0,0.020000000000000018,0.0,0.0
15,0.8181818181818182,0.44579780250787737,8.915956050157547,20,22,-0.0414707815479892,-0.0414707815479892,1,0.23884377019126313,0.0,0.020000000000000018,0.0,0.38057811490436844
16,0.8181818181818182,0.5201862611268696,9.883538961410522,19,22,-0.05586126248908511,-0.05586126248908511,1,0.35826565528689464,0.0,0.020000000000000018,0.16666666666666666,0.0
17,0.9090909090909091,0.633159624678748,13.296352118253708,21,22,0.2587111134152463,0.2587111134152463,1,0.9496303532005149,0.0,0.020000000000000018,0.05454545454545454,0.03357976453299005
18,0.5909090909090909,0.5602261293679476,8.963618069887161,16,22,0.19711938920357516,0.19711938920357516,1,0.9082395089892006,0.0,0.31999999999999995,0.0,0.0
19,0.9545454545454546,0.6243681704456155,13.736099749803543,22,22,0.16938080641295572,0.16938080641295572,1,0.9231181019797867,0.0,0.0,0.0,0.0
20,1.0,0.6328229660337622,13.922105252742767,22,22,0.17810143741018034,0.17810143741018034,1,0.9172383688461576,0.0,0.0,0.0,0.07898830450549091
21,0.760316985645933,0.4706153822572608,8.941692262887955,19,22,-0.12965643807066166,-0.12965643807066166,1,0.35826565528689464,0.0,0.0,0.125,0.0
22,0.7550505050505051,0.5008040470512289,9.51527689397335,19,22,0.05077796070864937,0.05077796070864937,1,0.35826565528689464,0.0,0.31999999999999995,0.0,0.48130075853482907
23,0.6272727272727272,0.5423766374588013,8.135649561882019,15,22,-0.03779959037820098,-0.03779959037820098,1,0.23884377019126313,0.0,0.12,0.0,0.0
24,0.5010055304172951,0.4737226331935209,8.053284764289856,17,22,-0.027075992871116478,-0.027075992871116478,1,0.5732250484590314,0.0,0.0,0.1,0.0
25,0.5173818441620299,0.46805719435215,9.361143887043,20,22,-0.0031046107089496428,-0.0031046107089496428,1,0.5015719174016524,0.0,0.0,0.1,0.3987424660786781
26,0.5573038073038074,0.5278461536294535,10.029076918959618,19,22,-0.14541488575234074,-0.14541488575234074,1,0.17913282764344732,0.0,0.0,0.0,0.6566937378852422
27,0.48863636363636365,0.5366583115914288,9.12319129705429,17,22,0.10035935247196234,0.10035935247196234,1,0.7165313105737893,0.0,0.31999999999999995,0.0,0.0
28,0.5765550239234449,0.46569392006648214,8.84818448126316,19,22,0.12171484273956895,0.12171484273956895,1,0.7165313105737893,0.0,0.31999999999999995,0.0,0.14173434471310536
29,0.713699494949495,0.529664614962207,9.533963069319725,18,22,0.173081667052877,0.173081667052877,1,0.7165313105737893,0.0,0.12,0.0,0.0
30,0.5454545454545454,0.5261272897322973,7.891909345984459,15,22,-0.005343861266066743,-0.005343861266066743,1,0.47768754038252625,0.0,0.31999999999999995,0.0,0.0
31,0.7676767676767676,0.5055610347125266,9.100098624825478,18,22,0.11499815857864416,0.11499815857864416,1,0.5971094254781577,0.0,0.020000000000000018,0.3333333333333333,0.13429685817394743
32,0.859090909090909,0.5906752901417869,12.404181092977524,21,22,0.2272831198428886,0.2272831198428886,1,0.7406715092792874,0.0,0.12,0.1875,0.0
33,0.880952380952381,0.5692206934094429,11.384413868188858,20,21,0.13553935040618686,0.13553935040618686,1,0.6207532649197838,0.0,0.12,0.06666666666666667,0.0
34,0.7962962962962963,0.5983507831891378,10.77031409740448,18,21,0.1622553136495431,0.1622553136495431,1,0.5643211499270762,0.0,0.12,0.0,0.43567885007292384
35,0.6571428571428571,0.5578595168060727,10.041471302509308,18,21,0.06302501071091517,0.06302501071091517,1,0.47768754038252625,0.0,0.31999999999999995,0.0,0.45267079833514395
36,0.7,0.5669964339051928,3.9689750373363495,7,10,0.0991262171219138,0.0991262171219138,1,0.7165313105737893,0.0,0.31999999999999995,0.0,0.0
37,0.5571428571428572,0.5005954333714077,3.5041680335998535,7,10,0.21295154422928,0.21295154422928,1,0.687766401473624,0.0,0.12,0.125,0.156116799263188
38,0.6363636363636362,0.4752289525100163,6.653205335140228,14,15,0.026208144552347955,0.026208144552347955,1,0.6799607298301654,0.0,0.0,0.0,0.0
39,0.8425609478241057,0.5278574909482684,11.085007309913635,21,22,0.21556428912093784,0.21556428912093784,1,0.7054014374088451,0.0,0.020000000000000018,0.0,0.23664474699945232
40,0.7909090909090911,0.5586938641965389,11.173877283930779,20,22,0.1362921414536524,0.1362921414536524,1,0.6826465523311404,0.0,0.020000000000000018,0.03225806451612903,0.0
41,0.8477272727272726,0.540470863878727,10.80941727757454,20,22,0.21032026215318542,0.21032026215318542,1,0.7372582765176316,0.0,0.020000000000000018,0.0967741935483871,0.22883956561367566
42,0.7222222222222222,0.5077689268759319,7.108764976263046,14,18,0.13938262460842626,0.13938262460842626,1,0.7054014374088451,0.0,0.020000000000000018,0.16666666666666666,0.0
43,0.65,0.49759978481701445,6.966396987438202,14,20,0.1002136311685135,0.1002136311685135,1,0.7946563131626174,0.0,0.0,0.08163265306122448,0.0
44,0.618181818181818,0.5027466946178012,9.049440503120422,18,22,0.09266289217041845,0.09266289217041845,1,0.7354677281836484,0.0,0.0,0.0,0.25373503623201077
45,0.7219251336898396,0.4651591413550907,8.372864544391632,18,22,0.11009277505245929,0.11009277505245929,1,0.5643211499270762,0.0,0.020000000000000018,0.0,0.0
46,0.557635175282234,0.5224063098430634,9.40331357717514,18,22,0.1736213791698218,0.1736213791698218,1,0.7336174949051989,0.0,0.020000000000000018,0.13333333333333333,0.1775883367298674
47,0.5027097902097902,0.44905651807785035,6.735847771167755,15,22,0.0694225086978836,0.0694225086978836,1,0.6564552152212926,0.0,0.0,0.02040816326530612,0.3320932919527505
48,0.6764705882352942,0.49370532877304973,8.392990589141846,17,22,0.05766386009500197,0.05766386009500197,1,0.7019604547873385,0.0,0.0,0.0975609756097561,0.0
49,0.5909090909090909,0.46152045471327646,6.46128636598587,14,22,0.10041044381746601,0.10041044381746601,1,0.6813145590582992,0.0,0.0,0.14634146341463414,0.2875941784108032
50,0.5549242424242424,0.40963879139984355,6.96385945379734,17,22,0.24269198270270043,0.24269198270270043,1,0.7336174949051989,0.0,0.12,0.0,0.2468911022829864
51,0.4242424242424242,0.4120960508783658,4.94515261054039,12,22,0.1460343455622148,0.1460343455622148,1,0.7336174949051989,0.0,0.31999999999999995,0.0,0.23086483774882763
52,0.4,0.5146953500807285,4.117562800645828,8,20,0.1805539336856561,0.1805539336856561,1,0.6771853799124914,0.0,0.12,0.0,0.0
53,0.47597402597402594,0.5089889268080393,7.63483390212059,15,22,-0.12430714697140254,-0.12430714697140254,1,0.41797659783471036,0.0,0.0,0.0,0.0
54,0.5178321678321678,0.5571599334478379,8.357399001717567,15,22,-0.024402450907927913,-0.024402450907927913,1,0.537398482930342,0.0,0.0,0.0,0.26985088495730053
55,0.5,0.475191873498261,7.603069975972176,16,22,0.13215587408024354,0.13215587408024354,1,0.7165313105737893,0.0,0.31999999999999995,0.0,0.21260151706965805
56,0.5714285714285714,0.4798272578045726,7.677236124873161,16,22,-0.02168769855421049,-0.02168769855421049,1,0.35826565528689464,0.0,0.31999999999999995,0.0,0.0
57,0.5244755244755245,0.4819647289812565,9.63929457962513,20,22,0.1731850922874332,0.1731850922874332,1,0.7165313105737893,0.0,0.12,0.0,0.0
58,0.6333333333333333,0.5411536078900099,8.658457726240158,16,22,0.10060697810603655,0.10060697810603655,1,0.7165313105737893,0.0,0.31999999999999995,0.0,0.0
59,0.8,0.5805641524493694,13.933539658784866,24,20,0.0,0.0,0,0.0,0.0,0.0,0.0,0.0
60,0.8041510025062656,0.49945566058158875,12.985847175121307,26,20,0.0,0.0,0,0.0,0.0,0.0,0.0,0.0
61,0.6323328523328523,0.4792377937723089,12.93942043185234,27,20,0.0,0.0,0,0.0,0.0,0.0,0.0,0.0
62,0.615158371040724,0.5043383247795559,10.591104820370674,21,20,0.0,0.0,0,0.0,0.0,0.0,0.0,0.0
63,0.6226190476190477,0.48973227895441507,10.284377858042717,21,21,0.0,0.0,0,0.0,0.0,0.0,0.0,0.0
64,0.7523148148148149,0.48680735213889015,8.762532338500023,18,18,0.0,0.0,0,0.0,0.0,0.0,0.0,0.0
65,0.5176904986593569,0.4545164986660606,8.635813474655151,19,17,0.0,0.0,0,0.0,0.0,0.0,0.0,0.0
66,0.6484848484848484,0.4223785019583172,7.60281303524971,18,15,0.0,0.0,0,0.0,0.0,0.0,0.0,0.0
67,0.6778846153846154,0.4210259680237089,5.894363552331924,14,16,0.0,0.0,0,0.0,0.0,0.0,0.0,0.0
68,0.22666666666666668,0.35888734372223124,6.101084843277931,17,15,0.0,0.0,0,0.0,0.0,0.0,0.0,0.0
69,0.2341880341880342,0.42856517975980585,4.714216977357864,11,13,0.0,0.0,0,0.0,0.0,0.0,0.0,0.0
70,0.47099567099567097,0.3844500919803977,6.151201471686363,16,11,0.0,0.0,0,0.0,0.0,0.0,0.0,0.0
71,0.5625,0.40037080760185534,5.20482049882412,13,12,0.0,0.0,0,0.0,0.0,0.0,0.0,0.0
72,0.5982905982905984,0.4673722982406616,4.673722982406616,10,13,0.0,0.0,0,0.0,0.0,0.0,0.0,0.0
73,0.5944055944055944,0.4568740464746952,5.4824885576963425,12,13,0.0,0.0,0,0.0,0.0,0.0,0.0,0.0
74,0.5541125541125541,0.46021953895688056,9.204390779137611,20,15,0.0,0.0,0,0.0,0.0,0.0,0.0,0.0
75,0.5,0.44192484704156715,10.606196328997612,24,16,0.0,0.0,0,0.0,0.0,0.0,0.0,0.0
76,0.6594696969696968,0.5243777679769617,9.963177591562271,19,16,0.0,0.0,0,0.0,0.0,0.0,0.0,0.0
77,0.7762276785714285,0.5368255202968916,9.662859365344048,18,16,0.0,0.0,0,0.0,0.0,0.0,0.0,0.0
78,0.80078125,0.48701646382158453,10.71436220407486,22,16,0.0,0.0,0,0.0,0.0,0.0,0.0,0.0
79,0.8541666666666667,0.5877427073086009,9.991626024246216,17,16,0.0,0.0,0,0.0,0.0,0.0,0.0,0.0
80,0.8125,0.4669916636887051,9.806824937462807,21,16,0.0,0.0,0,0.0,0.0,0.0,0.0,0.0
81,0.7514285714285716,0.5030229367315769,10.060458734631538,20,15,0.0,0.0,0,0.0,0.0,0.0,0.0,0.0
82,0.7533333333333334,0.5387211499942673,9.696980699896812,18,15,0.0,0.0,0,0.0,0.0,0.0,0.0,0.0
83,0.8076923076923078,0.5522037665633595,9.38746403157711,17,14,0.0,0.0,0,0.0,0.0,0.0,0.0,0.0
84,0.7747252747252747,0.5664100150267283,8.496150225400925,15,14,0.0,0.0,0,0.0,0.0,0.0,0.0,0.0
85,0.8333333333333334,0.5350370191865497,9.630666345357895,18,13,0.0,0.0,0,0.0,0.0,0.0,0.0,0.0
86,0.7350427350427351,0.5380352461024335,10.222669675946236,19,13,0.0,0.0,0,0.0,0.0,0.0,0.0,0.0
87,0.9230769230769231,0.5855956753094991,8.783935129642487,15,13,0.0,0.0,0,0.0,0.0,0.0,0.0,0.0
88,0.9230769230769231,0.5662694573402405,9.060311317443848,16,13,0.0,0.0,0,0.0,0.0,0.0,0.0,0.0
89,0.7247197247197248,0.5058799336353937,9.105838805437088,18,13,0.0,0.0,0,0.0,0.0,0.0,0.0,0.0
90,0.8461538461538461,0.5489183068275452,8.233774602413177,15,13,0.0,0.0,0,0.0,0.0,0.0,0.0,0.0
91,0.9230769230769231,0.5840008156374097,9.344013050198555,16,13,0.0,0.0,0,0.0,0.0,0.0,0.0,0.0
92,0.8333333333333334,0.5547593136628469,8.321389704942703,15,13,0.0,0.0,0,0.0,0.0,0.0,0.0,0.0
93,0.8397435897435898,0.5230567455291748,8.368907928466797,16,13,0.0,0.0,0,0.0,0.0,0.0,0.0,0.0
94,1.0,0.5497818299952675,9.346291109919548,17,12,0.0,0.0,0,0.0,0.0,0.0,0.0,0.0
95,0.8226773226773227,0.4881444231552236,8.298455193638802,17,13,0.0,0.0,0,0.0,0.0,0.0,0.0,0.0
96,0.572296626984127,0.4321151807904243,8.642303615808487,20,16,0.0,0.0,0,0.0,0.0,0.0,0.0,0.0
97,0.6923076923076924,0.43560296048720676,7.840853288769722,18,16,0.0,0.0,0,0.0,0.0,0.0,0.0,0.0
98,0.7764102564102565,0.40903810630826387,6.953647807240486,17,15,0.0,0.0,0,0.0,0.0,0.0,0.0,0.0
99,0.5965909090909091,0.461341536962069,5.997439980506897,13,16,0.0,0.0,0,0.0,0.0,0.0,0.0,0.0
100,0.6242132867132867,0.4131554638346036,7.436798349022865,18,16,0.0,0.0,0,0.0,0.0,0.0,0.0,0.0
101,0.4784039489921843,0.3650500071900232,7.666050150990486,21,17,0.0,0.0,0,0.0,0.0,0.0,0.0,0.0
102,0.7735765964139666,0.4578326677574831,7.7831553518772125,17,17,0.0,0.0,0,0.0,0.0,0.0,0.0,0.0
103,0.6254901960784316,0.43461712143000436,7.388491064310074,17,17,0.0,0.0,0,0.0,0.0,0.0,0.0,0.0
104,0.6277777777777778,0.44643784761428834,8.928756952285767,20,18,0.0,0.0,0,0.0,0.0,0.0,0.0,0.0
105,0.8597462514417531,0.47903848108318114,8.622692659497261,18,17,0.0,0.0,0,0.0,0.0,0.0,0.0,0.0
106,0.807843137254902,0.49430099835521296,9.391718968749046,19,17,0.0,0.0,0,0.0,0.0,0.0,0.0,0.0
107,0.8676470588235294,0.5121205084025859,10.24241016805172,20,17,0.0,0.0,0,0.0,0.0,0.0,0.0,0.0
108,0.8235294117647058,0.5382937774062156,10.765875548124313,20,17,0.0,0.0,0,0.0,0.0,0.0,0.0,0.0
109,0.7478991596638656,0.47827292553016115,10.043731436133385,21,17,0.0,0.0,0,0.0,0.0,0.0,0.0,0.0
110,0.9377162629757785,0.5172348387539387,10.344696775078773,20,17,0.0,0.0,0,0.0,0.0,0.0,0.0,0.0
111,0.8715109573241061,0.5768147950109682,10.959481105208397,19,17,0.0,0.0,0,0.0,0.0,0.0,0.0,0.0
112,0.7993697478991597,0.5734461843967438,10.895477503538132,19,17,0.0,0.0,0,0.0,0.0,0.0,0.0,0.0
113,0.8754325259515571,0.5856940415170457,10.542492747306824,18,17,0.0,0.0,0,0.0,0.0,0.0,0.0,0.0
114,0.8117647058823529,0.5839021486394546,9.926336526870728,17,17,0.0,0.0,0,0.0,0.0,0.0,0.0,0.0
115,0.851705388037568,0.6041327822539542,10.874390080571175,18,17,0.0,0.0,0,0.0,0.0,0.0,0.0,0.0
116,0.548154555940023,0.601702548125211,10.228943318128586,17,17,0.0,0.0,0,0.0,0.0,0.0,0.0,0.0
117,0.8434921479904178,0.5443660773729023,10.342955470085144,19,17,0.0,0.0,0,0.0,0.0,0.0,0.0,0.0
118,0.8433020266930302,0.5515278318994924,10.479028806090355,19,17,0.0,0.0,0,0.0,0.0,0.0,0.0,0.0
119,0.8676470588235294,0.5278486805883321,11.612670972943306,22,17,0.0,0.0,0,0.0,0.0,0.0,0.0,0.0
120,0.8975526385834163,0.5576507328521638,11.71066538989544,21,17,0.0,0.0,0,0.0,0.0,0.0,0.0,0.0
121,0.9272875816993464,0.5358423143625259,11.252688601613045,21,17,0.0,0.0,0,0.0,0.0,0.0,0.0,0.0
122,0.6614319936119245,0.5058858042413538,11.129487693309784,22,17,0.0,0.0,0,0.0,0.0,0.0,0.0,0.0
123,0.7403711484593838,0.5221258781173013,11.486769318580627,22,17,0.0,0.0,0,0.0,0.0,0.0,0.0,0.0
124,0.7896193771626298,0.5338924046267163,11.745632901787758,22,17,0.0,0.0,0,0.0,0.0,0.0,0.0,0.0
125,0.8077731092436975,0.5882782660424709,11.765565320849419,20,17,0.0,0.0,0,0.0,0.0,0.0,0.0,0.0
126,0.7304812834224599,0.5272838065498754,10.018392324447632,19,17,0.0,0.0,0,0.0,0.0,0.0,0.0,0.0
127,0.8438914027149321,0.5569162964820862,10.581409633159637,19,17,0.0,0.0,0,0.0,0.0,0.0,0.0,0.0
128,0.6924019607843137,0.5533044416653482,10.512784391641617,19,17,0.0,0.0,0,0.0,0.0,0.0,0.0,0.0
129,0.6607843137254903,0.48551489736722864,11.166842639446259,23,17,0.0,0.0,0,0.0,0.0,0.0,0.0,0.0
130,0.6355532971449926,0.5412687322026805,10.28410591185093,19,17,0.0,0.0,0,0.0,0.0,0.0,0.0,0.0
131,0.4360310969307509,0.5488112767537435,9.878602981567383,18,17,0.0,0.0,0,0.0,0.0,0.0,0.0,0.0
132,0.582516339869281,0.5051487237215042,10.608123198151588,21,17,0.0,0.0,0,0.0,0.0,0.0,0.0,0.0
133,0.7935646053293113,0.5197488019863764,10.914724841713905,21,17,0.0,0.0,0,0.0,0.0,0.0,0.0,0.0
134,0.5561618312483365,0.5366569988429546,10.733139976859093,20,17,0.0,0.0,0,0.0,0.0,0.0,0.0,0.0
135,0.7523378582202112,0.532909903497923,11.191107973456383,21,17,0.0,0.0,0,0.0,0.0,0.0,0.0,0.0
136,0.7361168243521184,0.4489972638812932,9.87793980538845,22,17,0.0,0.0,0,0.0,0.0,0.0,0.0,0.0
137,0.6286764705882353,0.5177691029874902,9.837612956762314,19,17,0.0,0.0,0,0.0,0.0,0.0,0.0,0.0
138,0.6307613954672778,0.45344731128878063,8.162051603198051,18,17,0.0,0.0,0,0.0,0.0,0.0,0.0,0.0
139,0.6193181818181818,0.48160016629844904,7.705602660775185,16,16,0.0,0.0,0,0.0,0.0,0.0,0.0,0.0
140,0.625,0.44196406938135624,7.0714251101017,16,16,0.0,0.0,0,0.0,0.0,0.0,0.0,0.0
141,0.6666666666666665,0.4819012816463198,6.746617943048477,14,16,0.0,0.0,0,0.0,0.0,0.0,0.0,0.0
142,0.6510416666666665,0.4831957111756007,7.24793566763401,15,16,0.0,0.0,0,0.0,0.0,0.0,0.0,0.0
143,0.6666666666666666,0.48505488889557974,6.7907684445381165,14,15,0.0,0.0,0,0.0,0.0,0.0,0.0,0.0
144,0.66796875,0.4646069512647741,7.89831817150116,17,16,0.0,0.0,0,0.0,0.0,0.0,0.0,0.0
145,0.7991071428571429,0.481072344324168,8.178229853510857,17,16,0.0,0.0,0,0.0,0.0,0.0,0.0,0.0
146,0.7801282051282052,0.459939046275048,9.658719971776009,21,16,0.0,0.0,0,0.0,0.0,0.0,0.0,0.0
147,0.7355769230769231,0.5877426187197368,8.816139280796051,15,16,0.0,0.0,0,0.0,0.0,0.0,0.0,0.0
148,0.7229020979020979,0.5110685684179005,9.71030279994011,19,17,0.0,0.0,0,0.0,0.0,0.0,0.0,0.0
149,0.7432880844645551,0.5373989542325338,9.673181176185608,18,17,0.0,0.0,0,0.0,0.0,0.0,0.0,0.0
150,0.6572087658592848,0.5341937556862831,10.683875113725662,20,17,0.0,0.0,0,0.0,0.0,0.0,0.0,0.0
151,0.8196078431372549,0.5178599365055561,10.357198730111122,20,17,0.0,0.0,0,0.0,0.0,0.0,0.0,0.0
152,0.8416884972612526,0.5597622441618066,10.635482639074326,19,17,0.0,0.0,0,0.0,0.0,0.0,0.0,0.0
153,0.7815504807692308,0.4910878593271429,10.803932905197144,22,16,0.0,0.0,0,0.0,0.0,0.0,0.0,0.0
154,0.7923632610939113,0.5155469817774636,10.826486617326736,21,17,0.0,0.0,0,0.0,0.0,0.0,0.0,0.0
155,0.8196078431372549,0.48767767198707745,11.216586455702782,23,17,0.0,0.0,0,0.0,0.0,0.0,0.0,0.0
156,0.723975714687789,0.5105431945551009,10.72140708565712,21,17,0.0,0.0,0,0.0,0.0,0.0,0.0,0.0
157,0.7647058823529411,0.582390589846505,10.483030617237091,18,17,0.0,0.0,0,0.0,0.0,0.0,0.0,0.0
158,0.8235294117647058,0.5326087968914133,10.119567140936852,19,17,0.0,0.0,0,0.0,0.0,0.0,0.0,0.0
159,0.7243944636678201,0.5377813138459858,10.21784496307373,19,17,0.0,0.0,0,0.0,0.0,0.0,0.0,0.0
160,0.6241830065359477,0.5245389859927329,9.966240733861923,19,17,0.0,0.0,0,0.0,0.0,0.0,0.0,0.0
161,0.6722027972027972,0.6155797918053234,10.464856460690498,17,16,0.0,0.0,0,0.0,0.0,0.0,0.0,0.0
162,0.7451923076923077,0.5170287621371886,8.789488956332207,17,16,0.0,0.0,0,0.0,0.0,0.0,0.0,0.0
163,0.3772727272727273,0.47444882705098107,9.963425368070602,21,16,0.0,0.0,0,0.0,0.0,0.0,0.0,0.0
164,0.7274305555555554,0.5008346148663096,9.015023067593575,18,16,0.0,0.0,0,0.0,0.0,0.0,0.0,0.0
165,0.6205357142857144,0.4970315818985303,8.946568474173546,18,16,0.0,0.0,0,0.0,0.0,0.0,0.0,0.0
166,0.4625,0.49320072373923135,8.384412303566933,17,16,0.0,0.0,0,0.0,0.0,0.0,0.0,0.0
167,0.6450466200466201,0.4924259170889854,9.848518341779709,20,16,0.0,0.0,0,0.0,0.0,0.0,0.0,0.0
168,0.5972222222222223,0.48221244000726277,8.67982392013073,18,16,0.0,0.0,0,0.0,0.0,0.0,0.0,0.0
169,0.4861111111111111,0.46174712128498974,7.849701061844826,17,16,0.0,0.0,0,0.0,0.0,0.0,0.0,0.0
170,0.6541666666666667,0.4616473673478417,10.617889449000359,23,16,0.0,0.0,0,0.0,0.0,0.0,0.0,0.0
171,0.5016233766233766,0.5617193132638931,7.864070385694504,14,16,0.0,0.0,0,0.0,0.0,0.0,0.0,0.0
172,0.6488888888888888,0.5857002409175038,9.371203854680061,16,15,0.0,0.0,0,0.0,0.0,0.0,0.0,0.0
173,0.8333333333333334,0.5692228476206461,8.538342714309692,15,13,0.0,0.0,0,0.0,0.0,0.0,0.0,0.0
174,0.7440476190476191,0.5680569354444742,9.088910967111588,16,14,0.0,0.0,0,0.0,0.0,0.0,0.0,0.0
175,0.7142857142857143,0.5831928968429565,8.747893452644348,15,14,0.0,0.0,0,0.0,0.0,0.0,0.0,0.0
176,0.5163352272727273,0.48313052246445104,9.17947992682457,19,16,0.0,0.0,0,0.0,0.0,0.0,0.0,0.0
177,0.7166666666666667,0.5024658348411322,8.039453357458115,16,15,0.0,0.0,0,0.0,0.0,0.0,0.0,0.0
178,0.6111111111111112,0.4633715965531089,5.097087562084198,11,18,0.30209282390983194,0.15104641195491597,2,0.7406715092792874,0.0,0.21999999999999997,0.03125,0.0
179,0.1869488536155203,0.3779532387852669,3.7795323878526688,10,18,0.2655142708070356,0.1327571354035178,2,0.7618335524015527,0.0,0.31999999999999995,0.0,0.11908322379922362
180,0.2777777777777778,0.43624179490974974,3.053692564368248,7,18,0.2572115446131218,0.1286057723065609,2,0.7165313105737893,0.0,0.21999999999999997,0.0,0.07086717235655268
181,0.35416666666666663,0.2958926949650049,2.3671415597200394,8,18,-0.023432799323392484,-0.011716399661696242,2,0.29855471273907885,0.0,0.21999999999999997,0.0,0.16043358617827636
182,0.26851851851851855,0.36024124423662823,2.1614474654197693,6,18,0.0011616804882077503,0.0005808402441038751,2,0.4776875403825262,0.0,0.21999999999999997,0.0,0.0
183,0.21825396825396826,0.31285255774855614,2.502820461988449,8,18,0.052555021986663966,0.026277510993331983,2,0.4776875403825262,0.0,0.31999999999999995,0.0,0.25371874326957894
184,0.08333333333333333,0.3578057686487834,2.1468346118927,6,18,-0.17060822800668546,-0.08530411400334273,2,0.17913282764344732,0.0,0.07,0.0,0.0
185,0.5454545454545454,0.41290493433674175,4.954859212040901,12,18,0.27346069737946804,0.13673034868973402,2,0.5995912217975183,0.0,0.12,0.03125,0.0
186,0.5792972459639126,0.36131934133859783,4.6971514374017715,13,18,0.10769517267072977,0.053847586335364885,2,0.46584437962252634,0.0,0.07,0.016129032258064516,0.142192298680614
187,0.37129629629629624,0.4227398137251536,6.341097205877304,15,18,0.21403255150879938,0.10701627575439969,2,0.4729423106888312,0.0,0.12,0.0,0.2964699502375324
188,0.6377865961199296,0.5005757328536775,9.010363191366196,18,18,0.26823201131723823,0.13411600565861911,2,0.6620516233867157,0.0,0.07,0.11612903225806452,0.0
189,0.1781517094017094,0.4730014465749264,7.568023145198822,16,18,0.2683788936868684,0.1341894468434342,2,0.6338685751402164,0.0,0.21999999999999997,0.03333333333333333,0.3417226632024647
190,0.8641975308641975,0.49047492610083687,8.828548669815063,18,18,0.34768057642038463,0.17384028821019232,2,0.7054014374088451,0.0,0.020000000000000018,0.0,0.0
191,0.9444444444444444,0.5048398428103503,8.582277327775955,17,18,0.3721997085430798,0.1860998542715399,2,0.641915308042049,0.0,0.07,0.0,0.29840390996495914
192,0.7523148148148149,0.47246302105486393,7.559408336877823,16,18,0.2867632568756181,0.14338162843780905,2,0.7041011582615477,0.0,0.16999999999999998,0.04838709677419355,0.10520362372641726
193,0.6593153759820427,0.5211779607666863,9.381203293800354,18,18,0.44940105298506894,0.22470052649253447,2,0.7914601118405993,0.0,0.07,0.04573170731707317,0.1749044223272393
194,0.8496732026143791,0.4933866874167794,9.374347060918808,19,18,0.333392862383068,0.166696431191534,2,0.8386214793950413,0.0,0.16999999999999998,0.0696969696969697,0.0
195,0.5869281045751635,0.5128902056637932,8.719133496284485,17,18,0.35636606835988893,0.17818303417994447,2,0.8147681472935356,0.0,0.16999999999999998,0.09393939393939393,0.1465667156360007
196,0.8432098765432098,0.494188597632779,8.895394757390022,18,18,0.44969369386626123,0.22484684693313062,2,0.8640847507941899,0.0,0.21999999999999997,0.0,0.027503940347071855
197,0.6707702020202021,0.43764066230505705,7.002250596880913,16,18,0.4948560870793269,0.24742804353966344,2,0.8102614558205294,0.0,0.12,0.024390243902439025,0.06140293236088392
198,0.53505291005291,0.4706463995907042,8.471635192632675,18,18,0.4662489267876134,0.2331244633938067,2,0.9377278047356032,0.0,0.16999999999999998,0.012195121951219513,0.01875589042281894
199,0.5918075732317218,0.40153854754236007,7.227693855762482,18,19,0.18817592711783715,0.09408796355891857,2,0.47441398084478614,0.0,0.0,0.017110266159695818,0.0
200,0.6455108359133127,0.4903720003717086,8.336324006319046,17,19,0.1714161520062072,0.0857080760031036,2,0.464498917556708,0.0,0.0,0.0,0.0
201,0.7213868003341687,0.4609871291451984,8.297768324613571,18,19,0.4133298853951105,0.20666494269755525,2,0.8677876372802427,0.0,0.16999999999999998,0.030303030303030304,0.10842877752413899
202,0.8055555555555555,0.45239525562838506,8.595509856939316,19,20,0.38038683548247576,0.19019341774123788,2,0.825745877617309,0.0,0.21999999999999997,0.036585365853658534,0.0
203,0.6305576776165012,0.39198217847767997,6.66369703412056,17,21,0.3055449891377999,0.15277249456889996,2,0.8227929593361112,0.0,0.31999999999999995,0.0,0.08860352033194444
204,0.5372627372627372,0.345427293330431,5.526836693286896,16,21,0.12476230479557661,0.062381152397788305,2,0.42324086244530706,0.0,0.0,0.0,0.03463522060394681
205,0.32358276643990924,0.3839554059154847,6.52724190056324,17,21,0.026495093047822237,0.013247546523911118,2,0.2778386714469795,0.0,0.0,0.05102040816326531,0.2221613285530205
206,0.43888888888888894,0.3363558381795883,5.045337572693825,15,21,0.29487244160146375,0.14743622080073188,2,0.7398559925211575,0.0,0.21999999999999997,0.0,0.018195599108798026
207,0.6793650793650793,0.37546360641717913,7.509272128343582,20,21,0.3480126078975537,0.17400630394877686,2,0.6913627575540027,0.0,0.12,0.07317073170731707,0.0
208,0.3868213952247566,0.3709186578498167,6.305617183446884,17,21,-0.07706582339374622,-0.03853291169687311,2,0.22719285457217708,0.0,0.0,0.08536585365853659,0.0
209,0.4846681096681096,0.3550012456253171,5.6800199300050735,16,22,-0.06350475313750599,-0.031752376568752995,2,0.18350192100060458,0.0,0.0,0.04878048780487805,0.23930342558490872
210,0.3585858585858586,0.34993959963321686,4.199275195598602,12,22,0.3338827901231234,0.1669413950615617,2,0.5971094254781577,0.0,0.07,0.25,0.30462458073602705
211,0.33444816053511706,0.3181002693516867,4.4534037709236145,14,23,-0.07893131219679929,-0.039465656098399644,2,0.21495939317213678,0.0,0.0,0.1,0.0
212,0.4746376811594203,0.3315760435966345,4.3104885667562485,13,23,-0.1904741616228277,-0.09523708081141385,2,0.14330626211475786,0.0,0.0,0.0,0.0
213,0.4301242236024844,0.36565878774438587,5.119223028421402,14,23,0.09860414637914594,0.04930207318957297,2,0.47768754038252614,0.0,0.16999999999999998,0.0,0.10072264363046057
214,0.4484508547008548,0.3305950863286853,5.2895213812589645,16,26,0.013425359286241861,0.006712679643120931,2,0.4776875403825262,0.0,0.31999999999999995,0.0,0.1181119539275878
215,0.46616124260355024,0.31919359508901834,5.1070975214242935,16,26,0.18567708514784304,0.09283854257392152,2,0.4993459427686637,0.0,0.12,0.16666666666666666,0.0
216,0.5367018602312719,0.37214469120782967,6.326459750533104,17,26,0.040844497273979555,0.020422248636989777,2,0.3195900389893135,0.0,0.0,0.04081632653061224,0.060136653670228836
217,0.5404831523252576,0.32070769055893544,6.093446120619774,19,27,0.0268691411137877,0.01343457055689385,2,0.3303343316646299,0.0,0.0,0.024390243902439025,0.0
218,0.5159313725490196,0.3080349748625475,5.236594572663307,17,28,0.13591010055604363,0.06795505027802182,2,0.6620846326365701,0.0,0.31999999999999995,0.0,0.025586379184897645
219,0.602540834845735,0.3315162486151645,6.298808723688126,19,29,0.4184624307549133,0.20923121537745665,2,0.8201912945535397,0.0,0.21999999999999997,0.0,0.11987247029764017
220,0.6159663865546218,0.3673274807986759,7.713877096772194,21,30,0.43732525402934025,0.21866262701467012,2,0.7758521747663382,0.0,0.020000000000000018,0.0,0.0
221,0.5801551226551227,0.36440244627495605,8.745658710598946,24,30,0.44966375010083526,0.22483187505041763,2,0.7325333295841263,0.0,0.07,0.06350806451612903,0.21977616357357085
222,0.606435443447328,0.4239730118286042,8.903433248400688,21,31,0.4904122752458421,0.24520613762292104,2,0.7753999611416678,0.0,0.07,0.03225806451612903,0.2173548763145151
223,0.4445991010584312,0.38511182759937485,7.317124724388123,19,33,0.18362313528345062,0.09181156764172531,2,0.4677520485937569,0.0,0.0,0.0,0.030167438412291924
224,0.6839249639249639,0.3998930287361145,9.997325718402863,25,33,0.20491072266452065,0.10245536133226033,2,0.4814098318308166,0.0,0.0,0.025,0.017980654458718378
225,0.7545492987771848,0.4232376043995221,12.697128131985664,30,33,0.590539927478834,0.295269963739417,2,0.9111883385638408,0.0,0.07,0.006097560975609756,0.05293241507426076
226,0.7349891487822522,0.4480458175142606,13.441374525427818,30,33,0.47421259887531453,0.23710629943765726,2,0.9436254638848838,0.0,0.16999999999999998,0.01524390243902439,0.0
227,0.5733471074380164,0.4510923359881748,9.924031391739845,22,33,0.3978712757118881,0.19893563785594404,2,0.9318301455863227,0.0,0.31999999999999995,0.0,0.020367822355306018
228,0.6219135802469136,0.4546665648619334,12.275997251272202,27,33,0.45248466921796593,0.22624233460898296,2,0.9377992915131703,0.0,0.16999999999999998,0.024242424242424242,0.02882471856706744
229,0.754079254079254,0.4332689396463908,11.26499243080616,26,33,0.40053007604601865,0.20026503802300932,2,0.9377278047356032,0.0,0.31999999999999995,0.0,0.015795454071461813
230,0.8695557727815793,0.5003180167367381,15.509858518838882,31,33,0.5820473134558835,0.2910236567279417,2,0.9377278047356032,0.0,0.12,0.03658536585365854,0.013047575946308827
231,0.8265762874756032,0.48952380495686687,15.175237953662872,31,33,0.48579867580262115,0.24289933790131057,2,0.9170859977131214,0.0,0.16999999999999998,0.0,0.03949499383958114
232,0.8432601880877745,0.5276041472951571,15.828124418854713,30,33,0.5949249008854348,0.2974624504427174,2,0.9377278047356032,0.0,0.12,0.018292682926829267,0.019593588771717223
233,0.8963831867057673,0.5049734581862727,15.654177203774452,31,33,0.5123363038569062,0.2561681519284531,2,0.9377278047356032,0.0,0.21999999999999997,0.0,0.027156026543257206
234,0.8875855327468231,0.5537531324662268,17.720100238919258,32,33,0.5626648227420268,0.2813324113710134,2,0.90234184983992,0.0,0.12,0.054878048780487805,0.02749977371469084
235,0.6747024904919643,0.48259318390717876,12.547422781586647,26,33,0.3878677400135768,0.1939338700067884,2,0.765768625204541,0.0,0.07,0.03333333333333333,0.0
236,0.7575757575757576,0.5044515091180801,12.611287727952003,25,33,0.415186891269959,0.2075934456349795,2,0.8604971541702785,0.0,0.16999999999999998,0.016666666666666666,0.1395028458297215
237,0.7239057239057238,0.5280405879020691,14.257095873355865,27,33,0.5230316209230638,0.2615158104615319,2,0.8463923185072226,0.0,0.07,0.06666666666666667,0.04863248644173057
238,0.8084415584415584,0.5401075667348402,15.663119435310364,29,33,0.1807257601490531,0.09036288007452654,2,0.46155905098989336,0.0,0.0,0.0,0.03587821907609953
239,0.7288541985511682,0.5369874536991119,16.109623610973358,30,33,0.17878318773372326,0.08939159386686163,2,0.47037865069033724,0.0,0.0,0.0,0.0
240,0.6033057851239669,0.5090965304685675,11.709220200777054,23,33,0.166786962239307,0.0833934811196535,2,0.44412984205806394,0.0,0.0,0.0,0.052145480745806994
241,0.5636508626939248,0.5359061089428988,11.789934396743774,22,33,0.17859058660917684,0.08929529330458842,2,0.4600174136438808,0.0,0.0,0.0,0.03835064405586941
242,0.5914762599254577,0.4846993498504162,11.632784396409988,24,33,0.13482932774490947,0.06741466387245473,2,0.4231570439608776,0.0,0.0,0.0,0.0
243,0.7482067047284439,0.5598817920243299,15.116808384656906,27,33,0.4937783912683704,0.2468891956341852,2,0.827491250977815,0.0,0.12,0.0625,0.01639194975899705
244,0.6666666666666666,0.5077252180679984,11.677680015563965,23,33,0.10368595714169626,0.05184297857084813,2,0.45046420141391663,0.0,0.16999999999999998,0.08333333333333333,0.2883795687773465
245,0.5152695789059426,0.4937716411507648,11.35674774646759,23,33,0.16685275771878855,0.08342637885939427,2,0.537398482930342,0.0,0.07,0.08333333333333333,0.0
246,0.6294765840220388,0.5197461166165092,11.434414565563202,22,33,0.1373062584827051,0.06865312924135256,2,0.537398482930342,0.0,0.16999999999999998,0.0,0.17410415320582456
247,0.628305785123967,0.4836711114645004,12.09177778661251,25,33,-0.06460297607002675,-0.03230148803501338,2,0.268699241465171,0.0,0.0,0.0,0.0
248,0.7816091954022988,0.5434634259034847,15.760439351201057,29,33,0.3396717774429608,0.1698358887214804,2,0.739639388501945,0.0,0.21999999999999997,0.0,0.029986939767089382
249,0.7227113715869338,0.5588865995407104,16.766597986221313,30,33,0.17843165622644608,0.08921582811322304,2,0.6909233806867598,0.0,0.16999999999999998,0.024390243902439025,0.0
250,0.8128365886986576,0.5344812179605166,16.0344365388155,30,33,0.19344774982772478,0.09672387491386239,2,0.47441398084478614,0.0,0.0,0.026615969581749048,0.0
251,0.8072971090212469,0.555433057505509,16.10755866765976,29,33,0.41859030077935366,0.20929515038967683,2,0.8434388550651506,0.0,0.21999999999999997,0.0,0.09158380240636028
252,0.7272727272727273,0.5451528322696686,13.628820806741714,25,33,0.37197051223730626,0.18598525611865313,2,0.7072218282150615,0.0,0.07,0.03225806451612903,0.11068443079674503
253,0.8757575757575757,0.5021026397744814,15.063079193234444,30,33,0.29171831124096287,0.14585915562048143,2,0.6771853799124914,0.0,0.16999999999999998,0.0,0.1457872477814555
254,0.8138528138528138,0.5360634827188083,15.009777516126633,28,33,0.36227246993595896,0.18113623496797948,2,0.7253119618518367,0.0,0.07,0.06350806451612903,0.051865698144142526
255,0.7853382307927762,0.4898720900217692,14.696162700653076,30,33,0.3701644142261566,0.1850822071130783,2,0.8182656673942603,0.0,0.21999999999999997,0.0,0.0
256,0.7579124579124578,0.5193328489859899,15.579985469579697,30,33,0.462538719778151,0.2312693598890755,2,0.7935766170849508,0.0,0.12,0.06666666666666667,0.12101996233633255
257,0.8296760710553815,0.5266383434164112,15.272511959075928,29,33,0.2982050238712336,0.1491025119356168,2,0.656023336790226,0.0,0.21999999999999997,0.0625,0.1614073100437543
258,0.7857142857142857,0.531765420238177,15.95296260714531,30,33,0.18840654863843906,0.09420327431921953,2,0.463381097569326,0.0,0.0,0.019011406844106463,0.02975285822492263
259,0.7707579776545294,0.5291090345588224,15.344162002205849,29,33,0.19242020360521225,0.09621010180260613,2,0.4704187397798847,0.0,0.0,0.03409090909090909,0.0
260,0.6363636363636364,0.4792143716053529,10.542716175317764,22,33,0.3228585389876218,0.1614292694938109,2,0.8640847507941899,0.0,0.31999999999999995,0.0,0.022902155296765966
261,0.9090909090909091,0.5458597918351491,16.375793755054474,30,33,0.5099908481516164,0.2549954240758082,2,0.8006746931730304,0.0,0.12,0.0,0.10687621494996065
262,0.8075491759702286,0.6092768819071352,19.496860221028328,32,33,0.4754885264705734,0.2377442632352867,2,0.795509130534213,0.0,0.07,0.0701219512195122,0.16459021200904803
263,0.8983382209188661,0.5666991808722096,17.567674607038498,31,33,0.3773573376371828,0.1886786688185914,2,0.8354179100302093,0.0,0.16999999999999998,0.012121212121212121,0.15253949802078168
264,0.871608184177706,0.6111219236927647,18.944779634475708,31,33,0.47557283107118004,0.23778641553559002,2,0.9082395089892006,0.0,0.16999999999999998,0.0,0.027975759454512018
265,0.8474399164054337,0.5722073953727196,16.59401446580887,29,33,0.18298369408406345,0.09149184704203173,2,0.46705872532781273,0.0,0.0,0.019011406844106463,0.0
266,0.6666666666666666,0.46996106725672016,10.809104546904564,23,33,0.4164975350049943,0.20824876750249716,2,0.9436254638848838,0.0,0.31999999999999995,0.0,0.027651388436691987
267,0.8128365886986576,0.5302864677947143,15.378307566046715,29,33,0.35066082680388055,0.17533041340194028,2,0.7859357243281353,0.0,0.21999999999999997,0.03333333333333333,0.06334705913839782
268,0.781052281052281,0.447567628962653,12.531893610954285,28,33,0.3620190110712389,0.18100950553561945,2,0.8080927114490717,0.0,0.16999999999999998,0.0,0.0
269,0.5498622589531681,0.429230095744133,10.730752393603325,25,33,0.3219833972043017,0.16099169860215085,2,0.6030299353366345,0.0,0.12,0.16666666666666666,0.0
270,0.5802833530106256,0.45570501188437146,10.936920285224915,24,33,0.28826710160388047,0.14413355080194024,2,0.6030299353366345,0.0,0.07,0.08333333333333333,0.0
271,0.515151515151515,0.42580324479124765,9.367671385407448,22,33,0.37191487563726455,0.18595743781863228,2,0.6627408778844502,0.0,0.16999999999999998,0.0,0.33725912211554976
272,0.6600091827364556,0.46422904133796694,11.605726033449173,25,33,0.3927813235581961,0.19639066177909806,2,0.7899602035145151,0.0,0.16999999999999998,0.0,0.04863248644173057
273,0.5141414141414141,0.451588032245636,11.2897008061409,25,33,0.17842070209128716,0.08921035104564358,2,0.4598240477701339,0.0,0.0,0.0,0.03749755541454168
274,0.7608861726508784,0.48874695545860697,13.684914752840996,28,33,0.269214058713628,0.134607029356814,2,0.6771853799124914,0.0,0.07,0.016666666666666666,0.0
275,0.8119122257053291,0.4909505212101443,14.237565115094185,29,33,0.2549523816301952,0.1274761908150976,2,0.7054014374088451,0.0,0.16999999999999998,0.06666666666666667,0.1198721272926605
276,1.0,0.580982580780983,8.133756130933762,14,14,0.4168548743002997,0.20842743715014986,2,0.6683678619448807,0.0,0.07,0.03125,0.33163213805511926
277,0.7967032967032969,0.5784702323950254,7.52011302113533,13,14,0.09122191703451113,0.045610958517255565,2,0.3303343316646299,0.0,0.0,0.08536585365853659,0.13785335552248823
278,0.8571428571428571,0.591306583239482,7.686985582113266,13,14,0.06961094970425162,0.03480547485212581,2,0.3469187397092681,0.0,0.0,0.0,0.12437852398621965
279,0.9234693877551021,0.6172128724200385,8.640980213880539,14,14,0.40636135457972594,0.20318067728986297,2,0.7635970559950749,0.0,0.21999999999999997,0.09375,0.1920773920040017
280,0.6587301587301588,0.6368744969367981,8.916242957115173,14,14,0.01172000870209685,0.005860004351048425,2,0.326103615326712,0.0,0.0,0.0,0.0
281,0.8428571428571429,0.5681919872760772,8.522879809141159,15,14,0.2934022758250563,0.14670113791252815,2,0.7618335524015527,0.0,0.21999999999999997,0.0,0.0
282,0.961904761904762,0.6221689820289612,9.332534730434418,15,14,0.44473665044770216,0.22236832522385108,2,0.7808722128273623,0.0,0.07,0.024242424242424242,0.18515009013214961
283,0.7589285714285715,0.5972776889801026,8.959165334701538,15,14,0.3708768637330654,0.1854384318665327,2,0.6974770207224957,0.0,0.07,0.018292682926829267,0.2250475821454605
284,0.7440476190476191,0.5984235618795667,8.377929866313934,14,14,0.3180750206956525,0.15903751034782626,2,0.7265321084304732,0.0,0.21999999999999997,0.0,0.025842403376516054
285,0.7051282051282052,0.5605167799762317,7.847234919667244,14,14,-0.0056000360867564415,-0.0028000180433782208,2,0.2764021958826495,0.0,0.0,0.02040816326530612,0.08180407467707944
286,0.8131868131868133,0.6191847416070791,8.049401640892029,13,14,0.23817373105112702,0.11908686552556351,2,0.583435253392348,0.0,0.07,0.11612903225806452,0.06937440275857613
287,0.8571428571428571,0.6253817017589297,8.755343824625015,14,14,0.4422789415794265,0.22113947078971324,2,0.8504167976936023,0.0,0.21999999999999997,0.0,0.11543241887441381
288,0.7857142857142857,0.5713586428990731,7.42766235768795,13,14,0.18106772393827786,0.09053386196913893,2,0.47568004941737996,0.0,0.0,0.0,0.0
289,0.8516483516483516,0.5841157390521123,7.59350460767746,13,14,0.38296734916635133,0.19148367458317567,2,0.8363087689454255,0.0,0.16999999999999998,0.1,0.16100776825040114
290,0.7380952380952381,0.5998031369277409,8.397243916988373,14,14,0.45484754670244903,0.22742377335122452,2,0.7807649826610117,0.0,0.12,0.018292682926829267,0.024995613285015005
291,0.685221028971029,0.614853898063302,9.837662369012833,16,14,0.4558293814968384,0.2279146907484192,2,0.7899836527000004,0.0,0.020000000000000018,0.0,0.031936785021662514
292,0.7149725274725276,0.6150022234235492,8.610031127929688,14,14,0.4201497723290297,0.21007488616451486,2,0.8434388550651506,0.0,0.21999999999999997,0.03048780487804878,0.0
293,0.7797619047619048,0.5480159979600173,7.124207973480225,13,14,0.3430637987272071,0.17153189936360355,2,0.8751438838757303,0.0,0.31999999999999995,0.0,0.03877514297189947
294,0.7755102040816325,0.5545872191588084,8.318808287382126,15,14,0.4902443888699153,0.24512219443495764,2,0.8073085375393316,0.0,0.07,0.018292682926829267,0.07222135364038987
295,0.8171768707482994,0.5613761267491749,7.859265774488449,14,14,0.48373200635937064,0.24186600317968532,2,0.8117338262545708,0.0,0.07,0.03048780487804878,0.12785761908078241
296,0.980952380952381,0.5985050241152445,8.977575361728668,15,14,0.18438301532107487,0.09219150766053744,2,0.47073635308629946,0.0,0.0,0.019011406844106463,0.0
297,0.9190476190476191,0.555063259601593,8.325948894023895,15,14,0.3076292415712689,0.15381462078563446,2,0.7918241157425521,0.0,0.16999999999999998,0.009146341463414634,0.024234175586071303
298,0.9135531135531136,0.621474967400233,9.322124511003494,15,14,0.35792341472301786,0.17896170736150893,2,0.8095252706035088,0.0,0.21999999999999997,0.036585365853658534,0.0
299,0.9095238095238096,0.4889070153236389,7.333605229854584,15,14,0.3910954947147123,0.19554774735735614,2,0.8540120562112343,0.0,0.16999999999999998,0.09090909090909091,0.08723669811767704
300,0.8285714285714286,0.48014184534549714,7.202127680182457,15,14,-0.030642402818552072,-0.015321201409276036,2,0.21795629218974577,0.0,0.0,0.02091254752851711,0.2734969287857011
301,0.6541077969649398,0.6632550835609436,9.948826253414154,15,14,0.31072068707592254,0.15536034353796127,2,0.6830577788781133,0.0,0.07,0.039634146341463415,0.015424748369986767
302,0.8193877551020408,0.5624246767589024,7.873945474624634,14,14,-0.2003596389483413,-0.10017981947417065,2,0.1343496207325855,0.0,0.0,0.0,0.0
303,0.7544973544973547,0.4903924529041563,6.865494340658188,14,15,-0.06689755710572205,-0.033448778552861026,2,0.18350192100060458,0.0,0.0,0.06097560975609756,0.21614502956056275
304,0.9333333333333333,0.6267672010830471,8.774740815162659,14,15,0.3048284968958034,0.1524142484479017,2,0.7618335524015527,0.0,0.21999999999999997,0.03333333333333333,0.058037396687694656
305,0.8888888888888887,0.596828289826711,8.952424347400665,15,15,0.33447531698342303,0.16723765849171152,2,0.804068232262692,0.0,0.16999999999999998,0.1,0.03890598915338446
306,0.8380952380952382,0.5200076629718144,7.800114944577217,15,15,0.5252393143821579,0.26261965719107894,2,0.8222007401972486,0.0,0.12,0.0,0.09482627189480072
307,0.9333333333333333,0.610392989590764,9.766287833452225,16,15,0.5220908430019628,0.2610454215009814,2,0.8463923185072226,0.0,0.12,0.06666666666666667,0.15360768149277731
308,0.7733333333333334,0.5740395406881968,8.610593110322952,15,15,0.18523477301506153,0.09261738650753076,2,0.4600174136438808,0.0,0.0,0.04878048780487805,0.0
309,0.861904761904762,0.6151215394337972,9.226823091506958,15,15,0.3978304091337735,0.19891520456688674,2,0.838584257453196,0.0,0.16999999999999998,0.03225806451612903,0.14502379278780697
310,0.7558974358974361,0.5099874118963877,7.649811178445816,15,15,0.37860388003237855,0.18930194001618927,2,0.8604971541702785,0.0,0.16999999999999998,0.03333333333333333,0.0
311,0.7567099567099568,0.5615494017090116,7.861691623926163,14,15,0.08209441113076432,0.04104720556538216,2,0.38005301933864305,0.0,0.0,0.04081632653061224,0.0
312,0.7897435897435898,0.5643639584382375,8.465459376573563,15,15,0.08063888157443547,0.040319440787217734,2,0.3538571145034535,0.0,0.0,0.0,0.13719536189471715
313,0.8476190476190477,0.5406003693739573,8.10900554060936,15,15,0.3641432114613892,0.1820716057306946,2,0.791975237057186,0.0,0.21999999999999997,0.0,0.03897524750577124
314,0.717016317016317,0.61126788854599,9.16901832818985,15,15,0.4120538392951524,0.2060269196475762,2,0.7476361172699844,0.0,0.07,0.0,0.0
315,0.861904761904762,0.5587413907051086,7.822379469871521,14,15,0.30055345822779245,0.15027672911389622,2,0.6731545145558694,0.0,0.21999999999999997,0.0,0.128073976710421
316,0.8,0.5733157736914498,8.026420831680298,14,15,0.18870077513704706,0.09435038756852353,2,0.4682205213696983,0.0,0.0,0.02727272727272727,0.011349813796536332
317,0.7948717948717949,0.6156181553999583,9.234272330999374,15,15,0.3821721019132022,0.1910860509566011,2,0.8257417889107515,0.0,0.16999999999999998,0.021341463414634148,0.05322134735940384
318,0.7688311688311689,0.5348769554070064,7.48827737569809,14,15,0.18054005277104973,0.09027002638552487,2,0.46890871740692996,0.0,0.0,0.0,0.01782061319358892
319,0.861904761904762,0.5538459718227386,8.30768957734108,15,15,0.46146441221127754,0.23073220610563877,2,0.8324869521499607,0.0,0.07,0.01818181818181818,0.09601357620672982
320,0.7647619047619049,0.5702943823167256,7.984121352434158,14,15,0.33896568672729716,0.16948284336364858,2,0.803991615356181,0.0,0.16999999999999998,0.0,0.0
321,0.8,0.5120288793529783,7.168404310941696,14,15,0.16347289038243318,0.08173644519121659,2,0.45714925113967153,0.0,0.0,0.0,0.0
322,0.8409863945578231,0.53500306393419,7.490042895078659,14,14,0.32818454492681604,0.16409227246340802,2,0.8751438838757303,0.0,0.31999999999999995,0.0,0.01780450467673392
323,0.8350340136054422,0.5693603562457221,7.971044987440109,14,14,0.3314639901464914,0.1657319950732457,2,0.7293726359955072,0.0,0.21999999999999997,0.006097560975609756,0.1188120134653871
324,0.9285714285714286,0.5950390121766499,8.330546170473099,14,14,0.5656914237992828,0.2828457118996414,2,0.9259324864370422,0.0,0.12,0.03658536585365854,0.0
325,0.7494505494505496,0.5356017970121824,6.962823361158371,13,14,0.3775280549511387,0.18876402747556936,2,0.8786328551899563,0.0,0.16999999999999998,0.0,0.016192047932667816
326,0.9285714285714286,0.5575852554578048,7.248608320951462,13,14,0.5021432263821135,0.25107161319105675,2,0.7738399351731484,0.0,0.020000000000000018,0.0,0.22616006482685164
327,0.8571428571428571,0.5322214708878443,6.918879121541977,13,14,0.38689877987602006,0.19344938993801003,2,0.8504167976936023,0.0,0.21999999999999997,0.06666666666666667,0.0
328,0.8516483516483516,0.47507542142501247,6.175980478525162,13,14,0.437109754446953,0.2185548772234765,2,0.8610171628264516,0.0,0.16999999999999998,0.016129032258064516,0.10192074726060213
329,0.7617382617382618,0.5380645302625803,6.994838893413544,13,14,0.1906343623257392,0.0953171811628696,2,0.4718127319424419,0.0,0.0,0.012195121951219513,0.02727800134602398
330,0.7797619047619048,0.5003263535244125,7.004568949341774,14,14,0.27786906693762325,0.13893453346881163,2,0.6056525176438625,0.0,0.21999999999999997,0.06666666666666667,0.3943474823561374
331,0.525,0.46097374707460403,5.531684964895248,12,14,0.24888442773835162,0.12444221386917581,2,0.5969891566894077,0.0,0.07,0.1,0.1643402518680937
332,0.5282051282051282,0.43222736443082493,5.186728373169899,12,13,-0.09841500923503273,-0.049207504617516364,2,0.24080150601250297,0.0,0.0,0.0,0.0
333,0.4666666666666667,0.4588777135525431,6.424287989735603,14,13,0.29323696851526254,0.14661848425763127,2,0.7442250858783148,0.0,0.21999999999999997,0.0,0.0
334,0.65103550295858,0.4298598723752158,6.018038213253021,14,13,0.27412056218174513,0.13706028109087257,2,0.534292667014201,0.0,0.12,0.06458333333333333,0.3464408208796797
335,0.5683760683760684,0.5528329823698316,7.739661753177643,14,13,0.09922350180683633,0.04961175090341816,2,0.3886905879599759,0.0,0.0,0.061224489795918366,0.0
336,0.826923076923077,0.5634482907397407,7.888276070356369,14,13,0.4182521142220475,0.20912605711102375,2,0.7662707549917052,0.0,0.07,0.07963709677419355,0.08914416868524497
337,0.5719921104536488,0.5097078474668356,6.626202017068863,13,13,0.07965853407840781,0.039829267039203906,2,0.3582656552868947,0.0,0.21999999999999997,0.0,0.36830140152035656
338,0.7992007992007992,0.4788728505373001,6.7042199075222015,14,13,0.18009830077239714,0.09004915038619857,2,0.6534212716821152,0.0,0.16999999999999998,0.1,0.0
339,0.7937728937728938,0.4696595562355859,6.5752337872982025,14,13,0.03610951730177352,0.01805475865088676,2,0.3109524703679807,0.0,0.0,0.04081632653061224,0.07561901185280773
340,0.5807692307692308,0.4572727871792657,6.40181902050972,14,13,-0.09706437472193571,-0.04853218736096786,2,0.22719285457217708,0.0,0.0,0.036585365853658534,0.0
341,0.7622377622377623,0.46367843661989483,6.491498112678528,14,13,0.25479772924406774,0.12739886462203387,2,0.6136992505456953,0.0,0.07,0.0,0.0
342,0.9230769230769231,0.5254097921507699,7.355737090110779,14,13,0.43155373991820034,0.21577686995910017,2,0.7336174949051989,0.0,0.12,0.0,0.10821789269476295
343,0.9053254437869822,0.5054592513121091,6.570970267057419,13,13,0.35416262723739983,0.17708131361869991,2,0.6630773511643144,0.0,0.07,0.06666666666666667,0.1276593771228338
344,0.7514792899408285,0.43329636523356807,5.632852748036385,13,13,0.23738851376184938,0.11869425688092469,2,0.5928457356437193,0.0,0.16999999999999998,0.08064516129032258,0.35286702910877654
345,0.9230769230769231,0.4413123612220471,5.737060695886612,13,13,0.26480588075218214,0.13240294037609107,2,0.6859690096556965,0.0,0.16999999999999998,0.0,0.23299073477158005
346,0.8397435897435898,0.4313054153552422,5.606970399618149,13,13,0.3398931683853992,0.1699465841926996,2,0.7889443726227038,0.0,0.16999999999999998,0.016129032258064516,0.07845979366819564
347,0.6395911780527166,0.41962456703186035,5.455119371414185,13,13,0.08475810605073535,0.04237905302536767,2,0.36130317525818895,0.0,0.0,0.04878048780487805,0.05944149631791902
348,0.673992673992674,0.4903193690947124,6.8644711673259735,14,13,0.35231771068168805,0.17615885534084402,2,0.8162502347159494,0.0,0.16999999999999998,0.1,0.032896773237725545
349,0.7914529914529914,0.4094648798306783,6.141973197460175,15,13,0.19150253320775687,0.09575126660387843,2,0.4737384981952682,0.0,0.0,0.02040816326530612,0.011254929344885057
350,0.7211538461538463,0.4507072309652964,6.760608464479446,15,13,0.4815514855464369,0.24077574277321845,2,0.7456238776767945,0.0,0.07,0.0,0.1896233675401081
351,0.7179487179487181,0.44947204313107897,6.292608603835106,14,13,0.4865445896442816,0.2432722948221408,2,0.9259324864370422,0.0,0.21999999999999997,0.03048780487804878,0.06666076220666205
352,0.7202797202797203,0.4971724037940686,6.463241249322891,13,13,0.49432923389558203,0.24716461694779102,2,0.9377278047356032,0.0,0.16999999999999998,0.03048780487804878,0.036452016740134686
353,0.5829247675401521,0.4488815160898062,5.8354597091674805,13,13,0.4906045361402259,0.24530226807011296,2,0.8630325955047626,0.0,0.07,0.08279569892473118,0.0
354,0.8819444444444444,0.48349160452683765,5.801899254322052,12,12,0.3296478438187278,0.1648239219093639,2,0.8786328551899563,0.0,0.31999999999999995,0.0,0.0
355,0.9166666666666666,0.5099252238869667,6.1191026866436005,12,12,0.1781033901333221,0.08905169506666105,2,0.46386894614953345,0.0,0.0,0.02040816326530612,0.0
356,0.8819444444444444,0.5584636330604553,6.701563596725464,12,12,0.32994191078430773,0.16497095539215387,2,0.8786328551899563,0.0,0.31999999999999995,0.0,0.0
357,0.9166666666666666,0.4904388040304184,5.885265648365021,12,12,0.40974518268956217,0.20487259134478109,2,0.7859229519876509,0.0,0.21999999999999997,0.0,0.11861105895201124
358,0.8888888888888888,0.4753238297998905,5.703885957598686,12,12,0.3279314406148005,0.16396572030740025,2,0.68067102211423,0.0,0.21999999999999997,0.0,0.17759463317266466
359,0.8819444444444444,0.47572896381219226,5.708747565746307,12,12,-0.06702481189756235,-0.033512405948781174,2,0.20898829891735518,0.0,0.0,0.0,0.1940078007217632
360,0.753968253968254,0.49996401990453404,5.999568238854408,12,12,-0.09531865505807503,-0.047659327529037517,2,0.23884377019126313,0.0,0.0,0.0,0.0
361,0.7222222222222223,0.4385429322719574,5.262515187263489,12,12,0.2383668646955208,0.1191834323477604,2,0.6404262302504327,0.0,0.21999999999999997,0.0,0.09448956314207024
362,0.8611111111111112,0.42349650834997493,5.081958100199699,12,12,0.295515314002396,0.147757657001198,2,0.6620846326365701,0.0,0.12,0.0,0.11263845578780993
363,0.8055555555555556,0.39919208238522214,4.790304988622665,12,12,0.17113024608782737,0.08556512304391369,2,0.443307379387586,0.0,0.0,0.0,0.05669262061241398
364,0.6926406926406926,0.46912817905346554,5.629538148641586,12,12,0.3379937897357064,0.1689968948678532,2,0.68067102211423,0.0,0.21999999999999997,0.0,0.2927182297286225
365,0.8333333333333334,0.476483349998792,5.717800199985504,12,12,0.12830041105713286,0.06415020552856643,2,0.5433189927888187,0.0,0.16999999999999998,0.0,0.30445400480745416
366,1.0,0.5851294249296188,7.021553099155426,12,12,0.6237950192947193,0.3118975096473596,2,0.9377278047356032,0.0,0.12,0.0,0.022723284804559096
367,0.9097222222222222,0.5409974033633868,6.4919688403606415,12,12,0.19698756557468888,0.09849378278734444,2,0.4814098318308166,0.0,0.0,0.022727272727272728,0.0
368,0.7777777777777779,0.5410726219415665,6.492871463298798,12,12,0.339572795448585,0.1697863977242925,2,0.6630773511643144,0.0,0.07,0.11666666666666667,0.14370661589812433
369,0.8680555555555556,0.5547301595409712,6.656761914491653,12,12,0.3953856310989693,0.19769281554948465,2,0.8596952054677343,0.0,0.16999999999999998,0.024242424242424242,0.11018086707858687
370,0.6388888888888888,0.46292710676789284,5.555125281214714,12,12,0.30060643625705874,0.15030321812852937,2,0.7739261484714186,0.0,0.16999999999999998,0.1,0.0
371,0.9166666666666666,0.48542813460032147,5.825137615203857,12,12,0.06184629107200332,0.03092314553600166,2,0.30231490174664793,0.0,0.0,0.04081632653061224,0.19109559497824033
372,0.6875,0.46442123750845593,5.573054850101471,12,12,0.12080136873410881,0.060400684367054404,2,0.537398482930342,0.0,0.07,0.0,0.0
373,0.8111111111111111,0.40990742668509483,4.918889120221138,12,12,0.3900006512245745,0.19500032561228725,2,0.7224518204322661,0.0,0.07,0.0,0.1850321197118226
374,0.8541666666666667,0.46668192744255066,5.600183129310608,12,12,0.39188896983338756,0.19594448491669378,2,0.7516605964563641,0.0,0.07,0.03333333333333333,0.0
375,0.7416666666666667,0.44903672283346,4.93940395116806,11,12,0.19420159985066404,0.09710079992533202,2,0.48360805024100295,0.0,0.0,0.0,0.0
376,0.8333333333333334,0.48187099893887836,5.7824519872665405,12,12,0.472096919395506,0.236048459697753,2,0.8625125868485894,0.0,0.16999999999999998,0.0,0.13748741315141055
377,0.8257575757575758,0.4565441831946373,5.478530198335648,12,12,0.18815325698648397,0.09407662849324198,2,0.4682205213696983,0.0,0.0,0.03409090909090909,0.0
378,0.8181818181818182,0.5351037035385767,6.421244442462921,12,12,0.5794364380155108,0.2897182190077554,2,0.9495231230341643,0.0,0.07,0.05182926829268293,0.028187268057558112
379,1.0,0.4248406837383906,5.098088204860687,12,12,0.4245895056835419,0.21229475284177096,2,0.90684891268631,0.0,0.16999999999999998,0.0,0.07629109403301798
380,0.7954545454545455,0.4235580292615024,4.659138321876526,11,12,0.20072022473454804,0.10036011236727402,2,0.4718127319424419,0.0,0.0,0.036585365853658534,0.028187268057558112
381,0.7416666666666667,0.45323631465435027,4.532363146543503,10,12,0.3676237222040148,0.1838118611020074,2,0.7224518204322661,0.0,0.07,0.08333333333333333,0.0
382,0.6926406926406926,0.3780846285323302,4.537015542387962,12,12,0.20091108872300328,0.10045554436150164,2,0.6627408778844502,0.0,0.16999999999999998,0.0,0.3208671723565527
383,0.7070707070707071,0.4429504383694042,4.872454822063446,11,12,-0.19117606405705756,-0.09558803202852878,2,0.14330626211475786,0.0,0.0,0.0,0.0
384,0.75,0.4330740057759815,3.8976660519838333,9,12,0.32203860735164186,0.16101930367582093,2,0.8418737055278975,0.0,0.31999999999999995,0.0,0.010927966505998032
385,0.8181818181818182,0.4073091447353363,4.480400592088699,11,12,0.2051599528241959,0.10257997641209796,2,0.5210043451548012,0.0,0.07,0.0,0.13057811490436844
386,0.8611111111111112,0.384898342192173,4.618780106306076,12,12,-0.09204022188878241,-0.04602011094439121,2,0.2605021725774006,0.0,0.21999999999999997,0.0,0.0
387,0.875,0.5158230736851692,6.189876884222031,12,12,0.3647789014680342,0.1823894507340171,2,0.6807123870995355,0.0,0.12,0.0,0.10642920430015479
388,0.8819444444444444,0.4691414659221967,5.6296975910663605,12,12,0.05076409430294092,0.02538204715147046,2,0.3109524703679807,0.0,0.0,0.030612244897959183,0.13863485506348083
389,1.0,0.4984513496359189,5.981416195631027,12,12,0.025712471780928916,0.025712471780928916,1,0.557439184684063,0.0,0.0,0.024390243902439025,0.37030598832558
390,1.0,0.4923670267065366,5.908404320478439,12,12,0.16017167789458447,0.16017167789458447,1,0.7618335524015527,0.0,0.020000000000000018,0.13333333333333333,0.0
391,0.7092803030303031,0.4830036894841628,5.31304058432579,11,12,0.2094067385674819,0.2094067385674819,1,0.6348612936679606,0.0,0.12,0.0625,0.3651387063320394
392,0.8181818181818182,0.5281926474787972,5.810119122266769,11,12,0.22229439125742612,0.22229439125742612,1,0.7900496098979065,0.0,0.12,0.13333333333333333,0.0
393,0.7727272727272727,0.5036918520927429,5.036918520927429,10,11,0.21362270122814345,0.21362270122814345,1,0.7406715092792874,0.0,0.12,0.125,0.0
394,0.9090909090909091,0.5014062881469726,5.014062881469727,10,11,0.20790129266331459,0.20790129266331459,1,0.9436254638848838,0.0,0.31999999999999995,0.0,0.0493277191007267
395,1.0,0.456475156545639,4.56475156545639,10,10,0.3007458029089518,0.3007458029089518,1,0.9082395089892006,0.0,0.12,0.0,0.0
396,1.0,0.5381682336330413,5.381682336330414,10,10,0.1964713501700848,0.1964713501700848,1,0.9318301455863227,0.0,0.31999999999999995,0.0,0.0
397,0.86,0.49944070279598235,4.994407027959824,10,10,0.1812702397061663,0.1812702397061663,1,0.8846488723920786,0.0,0.31999999999999995,0.0,0.06752261128268572
398,1.0,0.5510728746652603,5.510728746652603,10,10,0.3057395329552813,0.3057395329552813,1,0.9082395089892006,0.0,0.020000000000000018,0.0,0.06042764042174596
399,1.0,0.4705475211143494,4.705475211143494,10,10,0.30255514484250523,0.30255514484250523,1,0.9200348272877616,0.0,0.020000000000000018,0.0,0.0
400,0.8,0.44019169732928276,3.521533578634262,8,10,0.219399605004073,0.219399605004073,1,0.9554207821834448,0.0,0.31999999999999995,0.0,0.04240462182550369
401,0.8,0.42001356929540634,3.3601085543632507,8,10,0.21300389120747418,0.21300389120747418,1,0.9554207821834448,0.0,0.31999999999999995,0.0,0.0
402,0.8,0.5154959824350145,4.639463841915131,9,10,0.02069552216198995,0.02069552216198995,1,0.6400227676002205,0.0,0.0,0.07317073170731707,0.0
403,0.83,0.5351511508226394,5.351511508226395,10,10,0.28288478771787273,0.28288478771787273,1,0.9436254638848838,0.0,0.020000000000000018,0.03048780487804878,0.0
404,0.87,0.5025736600160599,5.025736600160599,10,10,0.17116884623403,0.17116884623403,1,0.8995991694452699,0.0,0.0,0.0,0.09978863036842081
405,1.0,0.5146382182836533,5.146382182836533,10,10,0.1637010159844401,0.1637010159844401,1,0.9142985022793431,0.0,0.0,0.0,0.0
406,1.0,0.5226738065481186,5.226738065481186,10,10,0.3104469480093994,0.3104469480093994,1,0.8964441906906396,0.0,0.12,0.0,0.09789014193073275
407,0.9,0.50632886423005,4.55695977807045,9,10,0.29305808956314,0.29305808956314,1,0.9554207821834448,0.0,0.12,0.012195121951219513,0.04131732382997796
408,1.0,0.49205726716253495,4.428515404462814,9,9,0.3209789797493908,0.3209789797493908,1,0.9672161004820059,0.0,0.12,0.036585365853658534,0.0327838995179941
409,1.0,0.5093431605233086,4.584088444709778,9,9,0.1913222300287121,0.1913222300287121,1,0.9436254638848838,0.0,0.31999999999999995,0.0,0.0
410,1.0,0.4607254101170434,4.1465286910533905,9,9,0.29822842030101504,0.29822842030101504,1,0.9318301455863227,0.0,0.12,0.024390243902439025,0.0
411,0.8024691358024691,0.4964793026447296,4.4683137238025665,9,9,0.2525586033260114,0.2525586033260114,1,0.9320446059190238,0.0,0.020000000000000018,0.048484848484848485,0.06546922112679411
412,1.0,0.4605008794201745,4.14450791478157,9,9,0.29819502970753214,0.29819502970753214,1,0.9495231230341643,0.0,0.020000000000000018,0.054878048780487805,0.05017095649937608
413,0.8641975308641975,0.44923848079310524,4.043146327137947,9,9,0.293843680637219,0.293843680637219,1,0.9436254638848838,0.0,0.12,0.07317073170731707,0.0
414,0.8024691358024691,0.47624743978182477,4.286226958036423,9,9,0.19953353512502858,0.19953353512502858,1,0.9561832172065458,0.0,0.0,0.04182509505703422,0.043282431783777976
415,0.8641975308641975,0.5070442921585507,4.563398629426956,9,9,0.19558846246625766,0.19558846246625766,1,0.9598608449650325,0.0,0.0,0.045627376425855515,0.0
416,0.9,0.47679542501767475,4.291158825159073,9,10,0.31667920487692425,0.31667920487692425,1,0.9436254638848838,0.0,0.12,0.0,0.0
417,0.87,0.5170117527246475,5.170117527246475,10,10,0.18897035753917232,0.18897035753917232,1,0.9320446059190238,0.0,0.0,0.031818181818181815,0.0662979454448548
418,0.8181818181818182,0.5033404926458994,4.530064433813095,9,11,0.13864390174279834,0.13864390174279834,1,0.7860187445412846,0.0,0.31999999999999995,0.0,0.0
419,1.0,0.505694489587437,5.562639385461807,11,11,0.11851112007466563,0.11851112007466563,1,0.7336174949051989,0.0,0.31999999999999995,0.0,0.11416393075491475
420,1.0,0.5095609561963514,5.605170518159866,11,11,0.1633915734819652,0.1633915734819652,1,0.8464817248906141,0.0,0.31999999999999995,0.0,0.09211096506563152
421,1.0,0.572563886642456,6.298202753067017,11,11,0.1516257373859345,0.1516257373859345,1,0.6489693224161375,0.0,0.020000000000000018,0.0,0.0
422,1.0,0.5623433779586445,6.18577715754509,11,11,0.2461786784435179,0.2461786784435179,1,0.9437684374400178,0.0,0.020000000000000018,0.03636363636363636,0.0
423,0.55531475748194,0.4853929989039898,9.707859978079796,20,30,0.49023034949463423,0.12255758737365856,4,0.729586629548577,0.0,0.24499999999999997,0.0,0.0
424,0.5333333333333332,0.4797648721271091,8.635767698287964,18,30,0.548079798261896,0.137019949565474,4,0.727571196870266,0.0,0.26999999999999996,0.03333333333333333,0.04959607257230228
425,0.8294871794871795,0.5781552516497098,15.032036542892456,26,30,0.5939790381953447,0.14849475954883617,4,0.7756484845008849,0.0,0.26999999999999996,0.021341463414634148,0.0398356801177126
426,0.6634920634920634,0.5461055392568762,12.014321863651276,22,30,0.4860488702276442,0.12151221755691105,4,0.7461830033393488,0.0,0.31999999999999995,0.0,0.11762251064761889
427,0.6636363636363635,0.47516443173993717,10.453617498278618,22,30,0.44630842274967014,0.11157710568741754,4,0.6555269775263538,0.0,0.21999999999999997,0.03333333333333333,0.0
428,0.6023809523809524,0.4917231085507766,11.309631496667862,23,30,0.5795391533357439,0.14488478833393598,4,0.693519383293657,0.0,0.21999999999999997,0.05,0.12259224668253718
429,0.4,0.5451347747674355,7.086752071976662,13,30,0.5127450268685394,0.12818625671713485,4,0.6620846326365701,0.0,0.16999999999999998,0.0,0.020469103347918117
430,0.37692307692307697,0.5213273167610168,7.298582434654236,14,30,0.610804012667432,0.152701003166858,4,0.5698860865095482,0.0,0.16999999999999998,0.0,0.39173434471310536
431,0.3897435897435898,0.48212371660130365,6.749732032418251,14,30,0.3811800923679253,0.09529502309198133,4,0.53183354634787,0.0,0.12,0.0,0.0
432,0.4,0.42984145879745483,6.4476218819618225,15,30,0.47245307067416936,0.11811326766854234,4,0.46129340260698537,0.0,0.12,0.0,0.359137731595343
433,0.43333333333333335,0.4970188049169687,6.461244463920593,13,30,0.013679412647303713,0.003419853161825928,4,0.45046420141391663,0.0,0.21999999999999997,0.0,0.012793189592448823
434,0.5347402597402597,0.4899710826575756,11.759305983781815,24,30,0.48831531756999436,0.12207882939249859,4,0.5348539356714833,0.0,0.13999999999999999,0.05,0.10843897786866219
435,0.5887878787878789,0.4750398641282862,10.450877010822296,22,30,0.3612105224334494,0.09030263060836236,4,0.359754733078511,0.0,0.010000000000000009,0.0,0.0
436,0.6875776397515527,0.4297354201907697,9.883914664387703,23,30,0.41372919155782084,0.10343229788945521,4,0.3456467043303341,0.0,0.010000000000000009,0.0,0.13377285624704377
437,0.5789473684210527,0.5065987188565103,9.625375658273697,19,30,0.47175474987672483,0.11793868746918121,4,0.7171721645587108,0.0,0.24499999999999997,0.0,0.0
438,0.47736185383244206,0.5107178933480206,8.682204186916351,17,30,0.4386998656402633,0.10967496641006583,4,0.3955001104134307,0.0,0.035,0.04139784946236559,0.02239283348283628
439,0.4666666666666667,0.4240543060004711,6.784868896007538,16,30,0.2732730582730471,0.06831826456826177,4,0.5911837229755436,0.0,0.24499999999999997,0.008064516129032258,0.11391144823770177
440,0.5866666666666667,0.4436283364892006,8.872566729784012,20,30,0.4228099960036681,0.10570249900091702,4,0.5416103280100875,0.0,0.16499999999999998,0.008333333333333333,0.1306327559006142
441,0.5267107161844004,0.46492070527303786,9.763334810733795,21,30,0.4216383817791621,0.10540959544479052,4,0.5607145311189623,0.0,0.16499999999999998,0.008064516129032258,0.05258136111743034
442,0.32142857142857145,0.4358288364277946,7.844919055700302,18,30,0.4630701149726427,0.11576752874316068,4,0.591851134950206,0.0,0.16499999999999998,0.008333333333333333,0.05176965857872146
443,0.5607985480943737,0.49023263077986867,9.314419984817505,19,29,0.32513842220759503,0.08128460555189876,4,0.3651079645550128,0.0,0.035,0.0,0.016256109050181905
444,0.4979166666666667,0.4581877700984478,7.331004321575165,16,30,0.6396214538953116,0.1599053634738279,4,0.5803967150767472,0.0,0.11499999999999999,0.0,0.1614073100437543
445,0.5333333333333332,0.476518402204794,8.100812837481499,17,30,-0.0985353379743182,-0.02463383449357955,4,0.12040075300625148,0.0,0.0,0.0,0.0
446,0.43423280423280425,0.46554288516441983,8.379771932959557,18,30,-0.06500314223651801,-0.016250785559129503,4,0.10865433807881231,0.0,0.0,0.0,0.09500282194702779
447,0.500709706959707,0.45220858071531567,9.49638019502163,21,30,-0.10020178827693485,-0.025050447069233713,4,0.11332893177442586,0.0,0.0,0.015306122448979591,0.0
448,0.5215686274509803,0.43457849148441763,7.3878343552351,17,30,-0.07696441812154152,-0.01924110453038538,4,0.09505007181080877,0.0,0.0,0.00510204081632653,0.11384076356756907
449,0.5,0.39029383659362793,7.805876731872559,20,30,0.05554441403450993,0.013886103508627482,4,0.1703286397645748,0.0,0.0,0.036585365853658534,0.0
450,0.4979166666666667,0.42905084706015056,7.72291524708271,18,30,0.05182080449815844,0.01295520112453961,4,0.15484421796779527,0.0,0.0,0.006097560975609756,0.08587229110223354
451,0.4788888888888889,0.4312557844739211,8.193859905004501,19,30,0.34914509174964453,0.08728627293741113,4,0.3587039100902204,0.0,0.035,0.008333333333333333,0.028428038685262242
452,0.5666666666666665,0.46850691472782807,7.964617550373077,17,30,0.011978271902618319,0.0029945679756545798,4,0.163051807663356,0.0,0.0,0.0,0.0
453,0.5192592592592593,0.4430853307247162,8.861706614494324,20,30,0.1866141937567381,0.046653548439184525,4,0.23784002470868998,0.0,0.0,0.0,0.00810665019420668
454,0.5363888888888888,0.4446323923766613,8.892647847533226,20,30,0.18198472603422852,0.04549618150855713,4,0.23193447307476672,0.0,0.0,0.015306122448979591,0.0
455,0.5333333333333332,0.4303475648164749,8.606951296329498,20,30,0.200777589362362,0.0501943973405905,4,0.24180402512050148,0.0,0.0,0.01020408163265306,0.005463983252999016
456,0.456963589529379,0.4658250055815044,8.850675106048584,19,30,0.18745627500091844,0.04686406875022961,4,0.23590636597122094,0.0,0.0,0.012195121951219513,0.0
457,0.5408625730994152,0.42858953844933284,9.00038030743599,21,30,0.07987026825294342,0.019967567063235856,4,0.18065158762909447,0.0,0.0,0.006097560975609756,0.04623227491393701
458,0.7666666666666666,0.49077513813972473,11.778603315353394,24,30,0.6672899429140564,0.1668224857285141,4,0.7815451686544044,0.0,0.21999999999999997,0.009146341463414634,0.018791512038372073
459,0.53797325481536,0.5177356099540537,11.390183418989182,22,30,0.3216035800982955,0.08040089502457387,4,0.5156518122308745,0.0,0.16499999999999998,0.008064516129032258,0.12860571280012986
460,0.6093581780538302,0.48240468025207517,12.06011700630188,25,30,0.42689775104347216,0.10672443776086804,4,0.5552611812983819,0.0,0.13999999999999999,0.0,0.008742373204798426
461,0.559705882352941,0.4530759704383937,9.967671349644661,22,30,0.28056399916588715,0.07014099979147179,4,0.3969923413504474,0.0,0.08499999999999999,0.03333333333333333,0.0
462,0.7305555555555554,0.5235135704278946,12.56432569026947,24,30,0.6552419229665893,0.16381048074164734,4,0.6348165904762648,0.0,0.13999999999999999,0.06666666666666667,0.03849090485205047
463,0.5577450980392156,0.5006312742119744,10.513256758451462,21,30,0.5946767802705595,0.14866919506763987,4,0.5773765595765817,0.0,0.11499999999999999,0.0,0.08579179970810503
464,0.508080808080808,0.507607857647695,9.644549295306206,19,30,0.4904424971375406,0.12261062428438516,4,0.5914815948074575,0.0,0.16499999999999998,0.041666666666666664,0.07011712608112387
465,0.3790849673202614,0.47028127663275776,7.994781702756882,17,30,0.615429249576251,0.15385731239406275,4,0.5360603892390265,0.0,0.065,0.0,0.05250994912137122
466,0.5012378688849277,0.45785377581011166,10.072783067822456,22,30,0.35228943540169066,0.08807235885042267,4,0.5407779650683802,0.0,0.16499999999999998,0.024193548387096774,0.062155917855453595
467,0.5313725490196077,0.4800827984105457,10.561821565032005,22,30,0.5057692936577785,0.1264423234144446,4,0.7238565778369288,0.0,0.24499999999999997,0.0,0.040351827510938576
468,0.5333333333333332,0.495410711504519,7.926571384072304,16,30,0.5286386232676457,0.13215965581691141,4,0.5610734123081821,0.0,0.11499999999999999,0.024193548387096774,0.03774074412474991
469,0.5274509803921568,0.42647069604957805,7.250001832842827,17,30,0.39968615759069415,0.09992153939767354,4,0.4944106021583996,0.0,0.11499999999999999,0.008064516129032258,0.0924249941423991
470,0.6085714285714285,0.4533235395238513,9.519794330000877,21,30,0.6405679533569428,0.1601419883392357,4,0.6297301125036705,0.0,0.11499999999999999,0.0,0.02412196826801186
471,0.5024017262407355,0.4747682586312294,9.495365172624588,20,30,0.5839032624961822,0.14597581562404555,4,0.48360805024100295,0.0,0.035,0.016666666666666666,0.0
472,0.45999999999999996,0.4729148792102933,7.566638067364693,16,30,0.761441095575608,0.190360273893902,4,0.8120182342539897,0.0,0.19499999999999998,0.0,0.10072264363046057
473,0.42619047619047623,0.4997260967890422,7.495891451835632,15,30,0.6769328590744598,0.16923321476861494,4,0.6627408778844502,0.0,0.19499999999999998,0.0,0.16453157361802562
474,0.5755555555555556,0.4711579233407974,9.423158466815948,20,30,0.6969583853252829,0.17423959633132072,4,0.6188541781850774,0.0,0.11499999999999999,0.016666666666666666,0.11488971276474066
475,0.40838206627680307,0.42538814104738687,8.933150961995125,21,30,0.7902837509881334,0.19757093774703335,4,0.7457668914142639,0.0,0.16999999999999998,0.0,0.19153729658752428
476,0.6266666666666665,0.4855073869228363,9.710147738456726,20,30,0.5998725188054854,0.14996812970137136,4,0.7763298381680447,0.0,0.24499999999999997,0.0,0.16298658942693336
477,0.499766081871345,0.47649602199855606,9.053424417972565,19,30,0.24055588132430142,0.060138970331075355,4,0.3791391929804777,0.0,0.08499999999999999,0.058333333333333334,0.0
478,0.5103703703703704,0.4916961028387672,9.342225953936577,19,30,-0.09671767151648536,-0.02417941787912134,4,0.11698470376714928,0.0,0.0,0.01020408163265306,0.0
479,0.5771929824561404,0.4565574503258655,8.674591556191444,19,30,0.4864749637434746,0.12161874093586865,4,0.6217130849821223,0.0,0.16499999999999998,0.03333333333333333,0.006010381578298918
480,0.594736842105263,0.3944276037969087,7.494124472141266,19,30,0.5051426493665258,0.12628566234163144,4,0.6015587581990125,0.0,0.16499999999999998,0.025,0.1308955824600564
481,0.5666666666666665,0.45901267465792206,8.721240818500519,19,30,0.555748758892346,0.1389371897230865,4,0.5562594192138322,0.0,0.11499999999999999,0.016666666666666666,0.1262207402293401
482,0.5874074074074074,0.46727001737980617,9.81267036497593,21,30,0.1856934809978522,0.04642337024946305,4,0.23630847909503555,0.0,0.0,0.007954545454545454,0.0
483,0.7666666666666666,0.50875284490378,11.701315432786942,23,30,0.5801448576980408,0.1450362144245102,4,0.46591507279316136,0.0,0.035,0.010670731707317074,0.028404106005698874
484,0.6893939393939396,0.553949624300003,12.74084135890007,23,30,0.6488996219502795,0.16222490548756988,4,0.6251845794761958,0.0,0.11499999999999999,0.0,0.022800243955427294
485,0.7906666666666667,0.49754761904478073,12.936238095164299,26,30,0.6729875790606745,0.16824689476516863,4,0.6371659884322908,0.0,0.11499999999999999,0.0,0.0261946084551924
486,0.7666666666666666,0.4886907742669185,11.728578582406044,24,30,0.7837895196816923,0.19594737992042308,4,0.8213205889020698,0.0,0.21999999999999997,0.03658536585365854,0.06133435762760565
487,0.7555555555555555,0.505246709411343,12.12592102587223,24,30,0.42522790261695426,0.10630697565423856,4,0.4062707491245793,0.0,0.035,0.00909090909090909,0.01371501525853224
488,0.3930885660607023,0.4852429338191685,9.219615742564201,19,30,0.18056695915093124,0.04514173978773281,4,0.23298442542005765,0.0,0.0,0.0,0.013695462466782868
489,0.4607843137254902,0.4909524602048537,8.346191823482513,17,30,0.1875457310754151,0.04688643276885378,4,0.23784002470868998,0.0,0.0,0.0,0.009787297185688553
490,0.4148692810457516,0.4689805002676116,8.441649004817009,18,30,0.3774259766168725,0.09435649415421812,4,0.3571577142827747,0.0,0.035,0.0,0.1020957066546168
491,0.41954365079365086,0.45991828478872776,7.358692556619644,16,30,0.38791295780491514,0.09697823945122878,4,0.3731680987256962,0.0,0.035,0.0,0.09512392595572787
492,0.4025000000000001,0.43579230085015297,6.9726768136024475,16,30,0.3763094783104907,0.09407736957762268,4,0.34148359186397303,0.0,0.035,0.04139784946236559,0.11624536596641977
493,0.41222222222222227,0.4405356138944626,6.608034208416939,15,30,0.19792823956487055,0.049482059891217636,4,0.2368692490976341,0.0,0.0,0.015306122448979591,0.010504600721892722
494,0.430952380952381,0.46978756359645296,6.577025890350342,14,30,0.17348589385299423,0.04337147346324856,4,0.23387602429687845,0.0,0.0,0.0,0.0
495,0.5313725490196077,0.47039318698294025,7.996684178709984,17,30,0.8157677543145054,0.20394193857862636,4,0.7883079248087104,0.0,0.21999999999999997,0.016666666666666666,0.16935366015303172
496,0.49583333333333335,0.4847862185800777,8.24136571586132,17,30,0.6477735362770749,0.16194338406926873,4,0.7775313485976104,0.0,0.21999999999999997,0.016666666666666666,0.0029271338855351874
497,0.5611111111111111,0.5178643647167418,9.321558564901352,18,30,0.7020483684675298,0.17551209211688246,4,0.7703140407215675,0.0,0.21999999999999997,0.0,0.02831652696401831
498,0.4472222222222222,0.4927075248625543,8.868735447525978,18,30,0.1666614740933794,0.04166536852334485,4,0.23004455885324304,0.0,0.0,0.0,0.0
499,0.4653144016227181,0.5044232484172372,8.575195223093033,17,29,0.19328218113374712,0.04832054528343678,4,0.23630847909503555,0.0,0.0,0.013636363636363636,0.00547660836198578
